<?xml version="1.0" encoding="UTF-8"?>
<dao xmlns="http://jelix.org/ns/dao/1.0">
    <datasources>
        <primarytable name="r" realname="jacl2_rights" primarykey="id_aclsbj,id_aclgrp,id_aclres" />
    </datasources>
    <record>
      <property name="id_aclsbj" fieldname="id_aclsbj" datatype="string" maxlength="100" required="yes"/>
      <property name="id_aclgrp" fieldname="id_aclgrp" datatype="string" maxlength="60" required="yes"/>
      <property name="id_aclres" fieldname="id_aclres" datatype="string" maxlength="100" required="yes"/>
        <!-- if canceled != 0, it means that the right is forbidden, even if it is set on an other group -->
      <property name="canceled" fieldname="canceled" datatype="tinyint" required="yes" default="0"/>
    </record>
    <factory>
        <method name="getRight" type="selectfirst">
            <parameter name="subject" />
            <parameter name="groups" />
            <conditions >
               <eq property="id_aclsbj" expr="$subject" />
               <eq property="id_aclres" value="-"/>
               <in property="id_aclgrp" expr="$groups" />
            </conditions>
        </method>
        <method name="getRightsByGroups" type="select">
            <parameter name="groups" />
            <conditions >
                <eq property="id_aclres" value="-"/>
                <in property="id_aclgrp" expr="$groups" />
            </conditions>
        </method>
        <method name="getRightsByGroup" type="select">
            <parameter name="group" />
            <conditions >
                <eq property="id_aclres" value="-"/>
                <eq property="id_aclgrp" expr="$group" />
            </conditions>
        </method>
        <method name="getResByRightByGroup" type="select">
            <parameter name="group" />
            <parameter name="subject" />
            <conditions >
                <eq property="id_aclsbj" expr="$subject" />
                <eq property="id_aclgrp" expr="$group" />
                <neq property="id_aclres" value="-" />
            </conditions>
        </method>
        <method name="getRightWithRes" type="selectfirst">
           <parameter name="subject" />
           <parameter name="groups" />
           <parameter name="res" />
           <conditions >
              <eq property="id_aclsbj" expr="$subject" />
              <eq property="id_aclres" expr="$res" />
              <in property="id_aclgrp" expr="$groups" />
           </conditions>
           <order>
                <orderitem property="canceled" way="desc" />
           </order>
        </method>
        <method name="getRightsHavingRes" type="select">
           <parameter name="group" />
           <conditions >
              <neq property="id_aclres" value="-" />
              <eq property="id_aclgrp" expr="$group" />
           </conditions>
            <order>
               <orderitem property="id_aclsbj" way="asc" />
           </order>
        </method>
        <method name="getAnonymousRight" type="selectfirst">
            <parameter name="subject" />
            <conditions >
                <eq property="id_aclsbj" expr="$subject" />
                <eq property="id_aclres" value="-"/>
                <eq property="id_aclgrp" value="__anonymous" />
            </conditions>
        </method>
        <method name="getAnonymousRightWithRes" type="selectfirst">
            <parameter name="subject" />
            <parameter name="res" />
            <conditions >
                <eq property="id_aclsbj" expr="$subject" />
                <eq property="id_aclres" expr="$res" />
                <eq property="id_aclgrp" value="__anonymous" />
            </conditions>
        </method>
        <method name="getAllAnonymousRights" type="select">
            <conditions >
                <eq property="id_aclres" value="-"/>
                <eq property="id_aclgrp" value="__anonymous" />
            </conditions>
        </method>
        <method name="deleteByGroup" type="delete">
           <parameter name="group" />
           <conditions >
              <eq property="id_aclgrp" expr="$group" />
           </conditions>
        </method>
        <method name="deleteBySubjRes" type="delete">
           <parameter name="subject" />
           <parameter name="res" />
           <conditions >
              <eq property="id_aclsbj" expr="$subject" />
              <eq property="id_aclres" expr="$res" />
           </conditions>
        </method>
        <method name="deleteBySubject" type="delete">
           <parameter name="subject" />
           <conditions >
              <eq property="id_aclsbj" expr="$subject" />
           </conditions>
        </method>
        <method name="deleteByGroupAndSubjects" type="delete">
           <parameter name="group" />
           <parameter name="subjects" />
           <conditions>
              <eq property="id_aclgrp" expr="$group" />
              <in property="id_aclsbj" expr="$subjects" />
              <eq property="id_aclres" value="-"/>
           </conditions>
        </method>
        <method name="deleteRightsOnResource" type="delete">
           <parameter name="group" />
           <parameter name="subjects" />
           <conditions>
              <eq property="id_aclgrp" expr="$group" />
              <in property="id_aclsbj" expr="$subjects" />
              <neq property="id_aclres" value="-"/>
           </conditions>
        </method>
    </factory>
</dao>
