<?xml version="1.0" encoding="UTF-8"?>
<dao xmlns="http://jelix.org/ns/dao/1.0">
    <datasources>
        <primarytable name="grp" realname="jacl2_group" primarykey="id_aclgrp" />
    </datasources>
    <record>
      <property name="id_aclgrp" fieldname="id_aclgrp" datatype="string" maxlength="60"/>
      <property name="name" fieldname="name" datatype="string" required="yes"  maxlength="150"/>

      <!-- 0=normal 1=default 2=private . See jAcl2DbUserGroup::GROUPTYPE_* -->
      <property name="grouptype" fieldname="grouptype" datatype="tinyint" required="yes" default="0"/>
      <property name="ownerlogin" fieldname="ownerlogin" datatype="string"  maxlength="50"/>

    </record>
    <factory>
        <method name="getDefaultGroups" type="select">
           <conditions>
               <eq property="grouptype" value="1" />
               <neq property="id_aclgrp" value="__anonymous" />
           </conditions>
        </method>

        <method name="findAllPublicGroup" type="select">
           <conditions>
              <neq property="grouptype" value="2" />
              <neq property="id_aclgrp" value="__anonymous" />
           </conditions>
           <order>
               <orderitem property="name" way="asc" />
           </order>
        </method>

        <method name="getPrivateGroup" type="selectfirst">
           <parameter name="login" />
           <conditions>
              <eq property="grouptype" value="2" />
              <eq property="ownerlogin" expr="$login" />
           </conditions>
        </method>

        <!-- deprecated -->
        <method name="getGroupByCode" type="selectfirst">
           <parameter name="code" />
           <conditions>
              <eq property="id_aclgrp" expr="$code" />
           </conditions>
        </method>

        <method name="setToDefault" type="update">
           <parameter name="group" />
           <values>
              <value property="grouptype" expr="1"/>
           </values>
           <conditions>
              <eq property="id_aclgrp" expr="$group" />
              <neq property="id_aclgrp" value="__anonymous" />
           </conditions>
        </method>

        <method name="setToNormal" type="update">
           <parameter name="group" />
           <values>
              <value property="grouptype" expr="0"/>
           </values>
           <conditions>
              <eq property="id_aclgrp" expr="$group" />
              <neq property="id_aclgrp" value="__anonymous" />
           </conditions>
        </method>

        <method name="changeName" type="update">
           <parameter name="group" />
           <parameter name="name" />
           <values>
              <value property="name" expr="$name"/>
           </values>
           <conditions>
              <eq property="id_aclgrp" expr="$group" />
              <neq property="id_aclgrp" value="__anonymous" />
           </conditions>
        </method>

    </factory>
</dao>
