<?xml version="1.0" encoding="UTF-8"?>
<module xmlns="http://jelix.org/ns/module/1.0">
    <info id="jauth@modules.jelix.org" name="jauth" createdate="2006-12-23">
        <version stability="stable" date="2021-10-22">1.4.0</version>
        <label lang="en_US">basic web interface for jAuth</label>
        <description lang="en_US">It provides a login form, a controller to login and logout, and
        a basic dao.</description>
        <license URL="http://www.gnu.org/licenses/old-licenses/lgpl-2.1.html">LGPL 2.1</license>
        <copyright>2008-2021 Laurent Jouanneau and other contributors</copyright>
        <creator name="Laurent Jouanneau" email="laurent@jelix.org" />
        <homepageURL>http://jelix.org</homepageURL>
    </info>
    <dependencies>
       <jelix minversion="1.6.17" maxversion="1.6.*"/>
       <plugin id="auth-coord@plugins.jelix.org" name="auth" minversion="1.3" maxversion="1.6.*"/>
    </dependencies>
</module>
