<?xml version="1.0" encoding="UTF-8"?>
<module xmlns="http://jelix.org/ns/module/1.0">
    <info id="jacl2db_admin@modules.jelix.org" name="jacl2db_admin" createdate="2008-12-27">
        <version stability="stable" date="2021-11-02">1.6.1</version>
        <label lang="en_US">jAcl2.db administration</label>
        <description lang="en_US">Web interface to manage rights with jAcl2 and its driver 'db'</description>
        <license URL="http://www.gnu.org/licenses/old-licenses/gpl-2.0.html">GPL 2.0</license>
        <copyright>2008-2021 Laurent Jouanneau and other contributors</copyright>
        <creator name="Laurent Jouanneau" email="laurent@jelix.org" />
        <homepageURL>http://jelix.org</homepageURL>
    </info>
    <dependencies>
       <jelix minversion="1.6" maxversion="1.6.*"/>
        <module name="jacl2db"/>
    </dependencies>
</module>
