<?xml version="1.0" encoding="UTF-8"?>
<module xmlns="http://jelix.org/ns/module/1.0">
    <info id="jacl2db@modules.jelix.org" name="jacl2db" createdate="2008-04-06">
        <version stability="stable" date="2022-03-14">1.6.36</version>
        <label lang="en_US">jAcl2Db</label>
        <description lang="en_US">ressources for the jacl2 db plugin</description>
        <license URL="http://www.gnu.org/licenses/old-licenses/lgpl-2.1.html">LGPL 2.1</license>
        <copyright>2008-2022 Laurent Jouanneau and other contributors</copyright>
        <creator name="Laurent Jouanneau" email="laurent@jelix.org" />
        <homepageURL>http://jelix.org</homepageURL>
    </info>
    <dependencies>
       <jelix minversion="1.6.0" maxversion="1.6.*"/>
        <module name="jacl2" />
    </dependencies>
    <autoload>
        <classPattern pattern="/^jAcl2Db/" dir="classes/" suffix=".class.php" />
    </autoload>
</module>
